<?xml version="1.0" encoding="utf-8"?>
<!--/11371864/281228/2.50/2/2/Inductor/-->
<quadcept_library>
  <setting unit="mil" />
  <textstyle name="Default" height="47.244094488189" strokewidth="7.8740157480315" charwidth="47.244094488189" />
  <textstyle name="Dimension" height="19.6850393700787" strokewidth="0" charwidth="19.6850393700787" />
  <textstyle name="H127W0635TH00762" height="50" strokewidth="3" charwidth="25" />
  <textstyle name="H15W15TH02" height="59.0551181102362" strokewidth="7.8740157480315" charwidth="59.0551181102362" />
  <padstyle name="r360_170" surface="True" plated="False" isvia="False" nopaste="False" nomask="True" complex="False" holesize="0">
    <padshape layer="TOP" shape="rectangle" width="66.929133858267" height="141.73228346457" />
    <padshape layer="TOP_SOLDER_MASK" shape="rectangle" width="74.803149606298" height="149.6062992126" />
    <padshape layer="TOP_SOLDER_PASTE" shape="rectangle" width="66.929133858267" height="141.73228346457" />
  </padstyle>
  <footprint name="TCK145" originx="0" originy="0" pickpointx="0" pickpointy="0">
    <pcbpin number="1" name="1" style="r360_170" originx="-49.212598425196" originy="0" rotation="0" />
    <pcbpin number="2" name="2" style="r360_170" originx="49.212598425196" originy="0" rotation="0" />
    <line layer="TOP_ASSEMBLY" originx="-61.023622047243" originy="68.897637795275" endx="61.023622047243" endy="68.897637795275" width="7.8740157480314" />
    <line layer="TOP_ASSEMBLY" originx="61.023622047243" originy="68.897637795275" endx="61.023622047243" endy="-68.897637795275" width="7.8740157480314" />
    <line layer="TOP_ASSEMBLY" originx="61.023622047243" originy="-68.897637795275" endx="-61.023622047243" endy="-68.897637795275" width="7.8740157480314" />
    <line layer="TOP_ASSEMBLY" originx="-61.023622047243" originy="-68.897637795275" endx="-61.023622047243" endy="68.897637795275" width="7.8740157480314" />
    <line layer="TOP_PLACE_BOUND" originx="-149.6062992126" originy="110.23622047244" endx="122.04724409449" endy="110.23622047244" width="3.9370078740157" />
    <line layer="TOP_PLACE_BOUND" originx="122.04724409449" originy="110.23622047244" endx="122.04724409449" endy="-110.23622047244" width="3.9370078740157" />
    <line layer="TOP_PLACE_BOUND" originx="122.04724409449" originy="-110.23622047244" endx="-149.6062992126" endy="-110.23622047244" width="3.9370078740157" />
    <line layer="TOP_PLACE_BOUND" originx="-149.6062992126" originy="-110.23622047244" endx="-149.6062992126" endy="110.23622047244" width="3.9370078740157" />
    <line layer="TOP_SILKSCREEN" originx="-110.23622047244" originy="0" endx="-110.23622047244" endy="0" width="3.9370078740157" />
    <arc layer="TOP_SILKSCREEN" originx="-108.26771653543" originy="0" startangle="180.0" sweepangle="180.0" radius="1.9685039370079" width="3.9370078740157" />
    <line layer="TOP_SILKSCREEN" originx="-106.29921259842" originy="0" endx="-106.29921259842" endy="0" width="3.9370078740157" />
    <arc layer="TOP_SILKSCREEN" originx="-108.26771653543" originy="0" startangle=".0" sweepangle="180.0" radius="1.9685039370079" width="3.9370078740157" />
  </footprint>
  <symbol name="TCK-145" originx="0" originy="0">
    <arc originx="250" originy="-2" startangle="177.7" sweepangle="-175.4" radius="50" width="0" />
    <arc originx="350" originy="-2" startangle="177.7" sweepangle="-175.4" radius="50" width="0" />
    <arc originx="450" originy="-2" startangle="177.7" sweepangle="-175.4" radius="50" width="0" />
    <arc originx="550" originy="-2" startangle="177.7" sweepangle="-175.4" radius="50" width="0" />
    <sympin number="1" originx="200" originy="0" rotation="180" length="100" width="7.8740157480315" flipped="False">
      <text name="pinname" originx="0" originy="-10" style="Default" rotation="0" justify="upperleft" flipped="False" hidden="True" data="1" />
      <text name="pindes" originx="0" originy="10" style="Default" rotation="0" justify="lowerleft" flipped="False" hidden="False" data="1" />
    </sympin>
    <sympin number="2" originx="600" originy="0" rotation="0" length="100" width="7.8740157480315" flipped="False">
      <text name="pinname" originx="800" originy="-10" style="Default" rotation="0" justify="upperright" flipped="False" hidden="True" data="2" />
      <text name="pindes" originx="800" originy="10" style="Default" rotation="0" justify="lowerright" flipped="False" hidden="False" data="2" />
    </sympin>
  </symbol>
  <component name="TCK-145" designatorprefix="L" height="102.36220472441" footprint="TCK145">
    <comppin designator="1" sympin="1" pinswap="0" gateswap="0" gate="1" group="1" side="" type="Any" name="1" />
    <comppin designator="2" sympin="2" pinswap="0" gateswap="0" gate="1" group="1" side="" type="Any" name="2" />
    <attached_symbol gate="1" name="TCK-145" />
    <pinmap designator="1" footprintpin="1" />
    <pinmap designator="2" footprintpin="2" />
    <text name="Datasheet" originx="0" originy="0" style="Default" rotation="0" justify="" flipped="False" hidden="True" data="https://tracopower.com/tck-145-datasheet/" />
    <text name="Description" originx="0" originy="0" style="Default" rotation="0" justify="" flipped="False" hidden="True" data="Fixed Inductors Inductor 6.8uH 1A 300mOhm" />
    <text name="Mouser Part Number" originx="0" originy="0" style="Default" rotation="0" justify="" flipped="False" hidden="True" data="495-TCK-145" />
    <text name="Mouser Price/Stock" originx="0" originy="0" style="Default" rotation="0" justify="" flipped="False" hidden="True" data="https://www.mouser.co.uk/ProductDetail/TRACO-Power/TCK-145?qs=w%2Fv1CP2dgqoHn653AYaOSg%3D%3D" />
    <text name="Manufacturer_Name" originx="0" originy="0" style="Default" rotation="0" justify="" flipped="False" hidden="True" data="Traco Power" />
    <text name="Manufacturer_Part_Number" originx="650" originy="150" style="Default" rotation="0" justify="left" flipped="False" hidden="False" data="TCK-145" />
  </component>
</quadcept_library>
