<?xml version="1.0" encoding="utf-8"?>
<!--/1386065/281228/2.50/5/2/Integrated Circuit/-->
<quadcept_library>
  <setting unit="mil" />
  <textstyle name="Default" height="47.244094488189" strokewidth="7.8740157480315" charwidth="47.244094488189" />
  <textstyle name="Dimension" height="19.6850393700787" strokewidth="0" charwidth="19.6850393700787" />
  <textstyle name="H127W0635TH00762" height="50" strokewidth="3" charwidth="25" />
  <textstyle name="H15W15TH02" height="59.0551181102362" strokewidth="7.8740157480315" charwidth="59.0551181102362" />
  <padstyle name="r105_40" surface="True" plated="False" isvia="False" nopaste="False" nomask="True" complex="False" holesize="0">
    <padshape layer="TOP" shape="rectangle" width="15.748031496063" height="41.338582677165" />
    <padshape layer="TOP_SOLDER_MASK" shape="rectangle" width="23.622047244094" height="49.212598425196" />
    <padshape layer="TOP_SOLDER_PASTE" shape="rectangle" width="15.748031496063" height="41.338582677165" />
  </padstyle>
  <footprint name="SOT65P212X110-5N" originx="0" originy="0" pickpointx="0" pickpointy="0">
    <pcbpin number="1" name="1" style="r105_40" originx="-37.401574803149" originy="25.590551181102" rotation="90" />
    <pcbpin number="2" name="2" style="r105_40" originx="-37.401574803149" originy="0" rotation="90" />
    <pcbpin number="3" name="3" style="r105_40" originx="-37.401574803149" originy="-25.590551181102" rotation="90" />
    <pcbpin number="4" name="4" style="r105_40" originx="37.401574803149" originy="-25.590551181102" rotation="90" />
    <pcbpin number="5" name="5" style="r105_40" originx="37.401574803149" originy="25.590551181102" rotation="90" />
    <line layer="TOP_PLACE_BOUND" originx="-67.913385826771" originy="54.133858267716" endx="67.913385826771" endy="54.133858267716" width="1.9685039370079" />
    <line layer="TOP_PLACE_BOUND" originx="67.913385826771" originy="54.133858267716" endx="67.913385826771" endy="-54.133858267716" width="1.9685039370079" />
    <line layer="TOP_PLACE_BOUND" originx="67.913385826771" originy="-54.133858267716" endx="-67.913385826771" endy="-54.133858267716" width="1.9685039370079" />
    <line layer="TOP_PLACE_BOUND" originx="-67.913385826771" originy="-54.133858267716" endx="-67.913385826771" endy="54.133858267716" width="1.9685039370079" />
    <line layer="TOP_ASSEMBLY" originx="-24.606299212598" originy="40.354330708661" endx="24.606299212598" endy="40.354330708661" width="3.9370078740157" />
    <line layer="TOP_ASSEMBLY" originx="24.606299212598" originy="40.354330708661" endx="24.606299212598" endy="-40.354330708661" width="3.9370078740157" />
    <line layer="TOP_ASSEMBLY" originx="24.606299212598" originy="-40.354330708661" endx="-24.606299212598" endy="-40.354330708661" width="3.9370078740157" />
    <line layer="TOP_ASSEMBLY" originx="-24.606299212598" originy="-40.354330708661" endx="-24.606299212598" endy="40.354330708661" width="3.9370078740157" />
    <line layer="TOP_ASSEMBLY" originx="-24.606299212598" originy="14.763779527559" endx="0.98425196850393" endy="40.354330708661" width="3.9370078740157" />
    <line layer="TOP_SILKSCREEN" originx="-2.9527559055118" originy="40.354330708661" endx="2.9527559055118" endy="40.354330708661" width="7.8740157480314" />
    <line layer="TOP_SILKSCREEN" originx="2.9527559055118" originy="40.354330708661" endx="2.9527559055118" endy="-40.354330708661" width="7.8740157480314" />
    <line layer="TOP_SILKSCREEN" originx="2.9527559055118" originy="-40.354330708661" endx="-2.9527559055118" endy="-40.354330708661" width="7.8740157480314" />
    <line layer="TOP_SILKSCREEN" originx="-2.9527559055118" originy="-40.354330708661" endx="-2.9527559055118" endy="40.354330708661" width="7.8740157480314" />
    <line layer="TOP_SILKSCREEN" originx="-58.070866141732" originy="43.307086614173" endx="-16.732283464567" endy="43.307086614173" width="7.8740157480314" />
  </footprint>
  <symbol name="74HCT1G126GW,125" originx="0" originy="0">
    <line originx="200" originy="100" endx="800" endy="100" width="0" />
    <line originx="800" originy="-300" endx="800" endy="100" width="0" />
    <line originx="800" originy="-300" endx="200" endy="-300" width="0" />
    <line originx="200" originy="100" endx="200" endy="-300" width="0" />
    <sympin number="1" originx="200" originy="0" rotation="180" length="100" width="7.8740157480315" flipped="False">
      <text name="pinname" originx="230" originy="0" style="Default" rotation="0" justify="left" flipped="False" hidden="False" data="OE" />
      <text name="pindes" originx="140" originy="20" style="Default" rotation="0" justify="lowerright" flipped="False" hidden="False" data="1" />
    </sympin>
    <sympin number="2" originx="200" originy="-100" rotation="180" length="100" width="7.8740157480315" flipped="False">
      <text name="pinname" originx="230" originy="-100" style="Default" rotation="0" justify="left" flipped="False" hidden="False" data="A" />
      <text name="pindes" originx="140" originy="-80" style="Default" rotation="0" justify="lowerright" flipped="False" hidden="False" data="2" />
    </sympin>
    <sympin number="3" originx="200" originy="-200" rotation="180" length="100" width="7.8740157480315" flipped="False">
      <text name="pinname" originx="230" originy="-200" style="Default" rotation="0" justify="left" flipped="False" hidden="False" data="GND" />
      <text name="pindes" originx="140" originy="-180" style="Default" rotation="0" justify="lowerright" flipped="False" hidden="False" data="3" />
    </sympin>
    <sympin number="4" originx="800" originy="0" rotation="0" length="100" width="7.8740157480315" flipped="False">
      <text name="pinname" originx="770" originy="0" style="Default" rotation="0" justify="right" flipped="False" hidden="False" data="Y" />
      <text name="pindes" originx="860" originy="20" style="Default" rotation="0" justify="lowerleft" flipped="False" hidden="False" data="4" />
    </sympin>
    <sympin number="5" originx="800" originy="-100" rotation="0" length="100" width="7.8740157480315" flipped="False">
      <text name="pinname" originx="770" originy="-100" style="Default" rotation="0" justify="right" flipped="False" hidden="False" data="VCC" />
      <text name="pindes" originx="860" originy="-80" style="Default" rotation="0" justify="lowerleft" flipped="False" hidden="False" data="5" />
    </sympin>
  </symbol>
  <component name="74HCT1G126GW,125" designatorprefix="IC" height="43.307086614173" footprint="SOT65P212X110-5N">
    <comppin designator="1" sympin="1" pinswap="0" gateswap="0" gate="1" group="1" side="" type="Any" name="OE" />
    <comppin designator="2" sympin="2" pinswap="0" gateswap="0" gate="1" group="1" side="" type="Any" name="A" />
    <comppin designator="3" sympin="3" pinswap="0" gateswap="0" gate="1" group="1" side="" type="Any" name="GND" />
    <comppin designator="4" sympin="4" pinswap="0" gateswap="0" gate="1" group="1" side="" type="Any" name="Y" />
    <comppin designator="5" sympin="5" pinswap="0" gateswap="0" gate="1" group="1" side="" type="Any" name="VCC" />
    <attached_symbol gate="1" name="74HCT1G126GW,125" />
    <pinmap designator="1" footprintpin="1" />
    <pinmap designator="2" footprintpin="2" />
    <pinmap designator="3" footprintpin="3" />
    <pinmap designator="4" footprintpin="4" />
    <pinmap designator="5" footprintpin="5" />
    <text name="Datasheet" originx="0" originy="0" style="Default" rotation="0" justify="" flipped="False" hidden="True" data="https://assets.nexperia.com/documents/data-sheet/74HC_HCT1G126.pdf" />
    <text name="Description" originx="0" originy="0" style="Default" rotation="0" justify="" flipped="False" hidden="True" data="74HC(T)1G126 - Bus buffer/line driver; 3-state@en-us" />
    <text name="Mouser Part Number" originx="0" originy="0" style="Default" rotation="0" justify="" flipped="False" hidden="True" data="771-HCT1G126GW125" />
    <text name="Mouser Price/Stock" originx="0" originy="0" style="Default" rotation="0" justify="" flipped="False" hidden="True" data="https://www.mouser.co.uk/ProductDetail/Nexperia/74HCT1G126GW125?qs=P62ublwmbi%2Fp3e%252BSdwAWWQ%3D%3D" />
    <text name="Manufacturer_Name" originx="0" originy="0" style="Default" rotation="0" justify="" flipped="False" hidden="True" data="Nexperia" />
    <text name="Manufacturer_Part_Number" originx="850" originy="200" style="Default" rotation="0" justify="left" flipped="False" hidden="False" data="74HCT1G126GW,125" />
  </component>
</quadcept_library>
