<?xml version="1.0" encoding="utf-8"?>
<!--/190563/281228/2.50/12/2/Connector/-->
<quadcept_library>
  <setting unit="mil" />
  <textstyle name="Default" height="47.244094488189" strokewidth="7.8740157480315" charwidth="47.244094488189" />
  <textstyle name="Dimension" height="19.6850393700787" strokewidth="0" charwidth="19.6850393700787" />
  <textstyle name="H127W0635TH00762" height="50" strokewidth="3" charwidth="25" />
  <textstyle name="H15W15TH02" height="59.0551181102362" strokewidth="7.8740157480315" charwidth="59.0551181102362" />
  <padstyle name="c262.5_h175" surface="False" plated="True" isvia="False" nopaste="True" nomask="True" complex="False" holesize="68.897637795275">
    <padshape layer="TOP" shape="round" width="103.34645669291" height="103.34645669291" />
    <padshape layer="TOP_SOLDER_MASK" shape="round" width="111.22047244094" height="111.22047244094" />
    <padshape layer="INNER" shape="round" width="103.34645669291" height="103.34645669291" />
    <padshape layer="BOTTOM" shape="round" width="103.34645669291" height="103.34645669291" />
    <padshape layer="BOTTOM_SOLDER_MASK" shape="round" width="111.22047244094" height="111.22047244094" />
  </padstyle>
  <padstyle name="s262.5_h175" surface="False" plated="True" isvia="False" nopaste="True" nomask="True" complex="False" holesize="68.897637795275">
    <padshape layer="TOP" shape="square" width="103.34645669291" height="103.34645669291" />
    <padshape layer="TOP_SOLDER_MASK" shape="square" width="111.22047244094" height="111.22047244094" />
    <padshape layer="INNER" shape="square" width="103.34645669291" height="103.34645669291" />
    <padshape layer="BOTTOM" shape="square" width="103.34645669291" height="103.34645669291" />
    <padshape layer="BOTTOM_SOLDER_MASK" shape="square" width="111.22047244094" height="111.22047244094" />
  </padstyle>
  <padstyle name="c300_h200" surface="False" plated="True" isvia="False" nopaste="True" nomask="True" complex="False" holesize="78.740157480314">
    <padshape layer="TOP" shape="round" width="118.11023622047" height="118.11023622047" />
    <padshape layer="TOP_SOLDER_MASK" shape="round" width="125.9842519685" height="125.9842519685" />
    <padshape layer="INNER" shape="round" width="118.11023622047" height="118.11023622047" />
    <padshape layer="BOTTOM" shape="round" width="118.11023622047" height="118.11023622047" />
    <padshape layer="BOTTOM_SOLDER_MASK" shape="round" width="125.9842519685" height="125.9842519685" />
  </padstyle>
  <footprint name="7762761" originx="0" originy="0" pickpointx="0" pickpointy="0">
    <pcbpin number="1" name="1" style="s262.5_h175" originx="0" originy="0" rotation="90" />
    <pcbpin number="2" name="2" style="c262.5_h175" originx="157.48031496063" originy="0" rotation="90" />
    <pcbpin number="3" name="3" style="c262.5_h175" originx="314.96062992126" originy="0" rotation="90" />
    <pcbpin number="4" name="4" style="c262.5_h175" originx="78.740157480314" originy="-157.48031496063" rotation="90" />
    <pcbpin number="5" name="5" style="c262.5_h175" originx="236.22047244094" originy="-157.48031496063" rotation="90" />
    <pcbpin number="6" name="6" style="c262.5_h175" originx="0" originy="-314.96062992126" rotation="90" />
    <pcbpin number="7" name="7" style="c262.5_h175" originx="157.48031496063" originy="-314.96062992126" rotation="90" />
    <pcbpin number="8" name="8" style="c262.5_h175" originx="314.96062992126" originy="-314.96062992126" rotation="90" />
    <pcbpin number="9" name="MH1" style="c300_h200" originx="-381.88976377952" originy="267.71653543307" rotation="90" />
    <pcbpin number="10" name="MH2" style="c300_h200" originx="696.85039370078" originy="267.71653543307" rotation="90" />
    <pcbpin number="11" name="MH3" style="c300_h200" originx="755.90551181101" originy="-444.88188976377" rotation="90" />
    <pcbpin number="12" name="MH4" style="c300_h200" originx="-440.94488188976" originy="-444.88188976377" rotation="90" />
    <line layer="TOP_ASSEMBLY" originx="-645.66929133857" originy="-789.37007874015" endx="960.62992125983" endy="-789.37007874015" width="3.9370078740157" />
    <line layer="TOP_ASSEMBLY" originx="960.62992125983" originy="-789.37007874015" endx="960.62992125983" endy="474.40944881889" width="3.9370078740157" />
    <line layer="TOP_ASSEMBLY" originx="960.62992125983" originy="474.40944881889" endx="-645.66929133857" endy="474.40944881889" width="3.9370078740157" />
    <line layer="TOP_ASSEMBLY" originx="-645.66929133857" originy="474.40944881889" endx="-645.66929133857" endy="-789.37007874015" width="3.9370078740157" />
    <line layer="TOP_SILKSCREEN" originx="-645.66929133857" originy="474.40944881889" endx="960.62992125983" endy="474.40944881889" width="7.8740157480314" />
    <line layer="TOP_SILKSCREEN" originx="960.62992125983" originy="474.40944881889" endx="960.62992125983" endy="-789.37007874015" width="7.8740157480314" />
    <line layer="TOP_SILKSCREEN" originx="960.62992125983" originy="-789.37007874015" endx="-645.66929133857" endy="-789.37007874015" width="7.8740157480314" />
    <line layer="TOP_SILKSCREEN" originx="-645.66929133857" originy="-789.37007874015" endx="-645.66929133857" endy="474.40944881889" width="7.8740157480314" />
    <line layer="TOP_PLACE_BOUND" originx="-685.03937007873" originy="513.77952755905" endx="999.99999999999" endy="513.77952755905" width="3.9370078740157" />
    <line layer="TOP_PLACE_BOUND" originx="999.99999999999" originy="513.77952755905" endx="999.99999999999" endy="-828.7401574803" width="3.9370078740157" />
    <line layer="TOP_PLACE_BOUND" originx="999.99999999999" originy="-828.7401574803" endx="-685.03937007873" endy="-828.7401574803" width="3.9370078740157" />
    <line layer="TOP_PLACE_BOUND" originx="-685.03937007873" originy="-828.7401574803" endx="-685.03937007873" endy="513.77952755905" width="3.9370078740157" />
    <line layer="TOP_SILKSCREEN" originx="0" originy="499.99999999999" endx="0" endy="499.99999999999" width="7.8740157480314" />
    <arc layer="TOP_SILKSCREEN" originx="-7.102804783527E-15" originy="498.03149606299" startangle="90.0" sweepangle="180.0" radius="1.9685039370078" width="7.8740157480314" />
    <line layer="TOP_SILKSCREEN" originx="0" originy="496.06299212598" endx="0" endy="496.06299212598" width="7.8740157480314" />
    <arc layer="TOP_SILKSCREEN" originx="-7.102804783527E-15" originy="498.03149606299" startangle="-90.0" sweepangle="180.0" radius="1.9685039370078" width="7.8740157480314" />
    <line layer="TOP_SILKSCREEN" originx="0" originy="499.99999999999" endx="0" endy="499.99999999999" width="7.8740157480314" />
    <arc layer="TOP_SILKSCREEN" originx="-7.102804783527E-15" originy="498.03149606299" startangle="90.0" sweepangle="180.0" radius="1.9685039370078" width="7.8740157480314" />
  </footprint>
  <symbol name="776276-1" originx="0" originy="0">
    <line originx="200" originy="100" endx="700" endy="100" width="0" />
    <line originx="700" originy="-600" endx="700" endy="100" width="0" />
    <line originx="700" originy="-600" endx="200" endy="-600" width="0" />
    <line originx="200" originy="100" endx="200" endy="-600" width="0" />
    <sympin number="1" originx="200" originy="0" rotation="180" length="100" width="7.8740157480315" flipped="False">
      <text name="pinname" originx="230" originy="0" style="Default" rotation="0" justify="left" flipped="False" hidden="False" data="1" />
      <text name="pindes" originx="140" originy="20" style="Default" rotation="0" justify="lowerright" flipped="False" hidden="False" data="1" />
    </sympin>
    <sympin number="2" originx="200" originy="-100" rotation="180" length="100" width="7.8740157480315" flipped="False">
      <text name="pinname" originx="230" originy="-100" style="Default" rotation="0" justify="left" flipped="False" hidden="False" data="2" />
      <text name="pindes" originx="140" originy="-80" style="Default" rotation="0" justify="lowerright" flipped="False" hidden="False" data="2" />
    </sympin>
    <sympin number="3" originx="200" originy="-200" rotation="180" length="100" width="7.8740157480315" flipped="False">
      <text name="pinname" originx="230" originy="-200" style="Default" rotation="0" justify="left" flipped="False" hidden="False" data="3" />
      <text name="pindes" originx="140" originy="-180" style="Default" rotation="0" justify="lowerright" flipped="False" hidden="False" data="3" />
    </sympin>
    <sympin number="4" originx="200" originy="-300" rotation="180" length="100" width="7.8740157480315" flipped="False">
      <text name="pinname" originx="230" originy="-300" style="Default" rotation="0" justify="left" flipped="False" hidden="False" data="4" />
      <text name="pindes" originx="140" originy="-280" style="Default" rotation="0" justify="lowerright" flipped="False" hidden="False" data="4" />
    </sympin>
    <sympin number="5" originx="200" originy="-400" rotation="180" length="100" width="7.8740157480315" flipped="False">
      <text name="pinname" originx="230" originy="-400" style="Default" rotation="0" justify="left" flipped="False" hidden="False" data="5" />
      <text name="pindes" originx="140" originy="-380" style="Default" rotation="0" justify="lowerright" flipped="False" hidden="False" data="5" />
    </sympin>
    <sympin number="6" originx="200" originy="-500" rotation="180" length="100" width="7.8740157480315" flipped="False">
      <text name="pinname" originx="230" originy="-500" style="Default" rotation="0" justify="left" flipped="False" hidden="False" data="6" />
      <text name="pindes" originx="140" originy="-480" style="Default" rotation="0" justify="lowerright" flipped="False" hidden="False" data="6" />
    </sympin>
    <sympin number="7" originx="700" originy="0" rotation="0" length="100" width="7.8740157480315" flipped="False">
      <text name="pinname" originx="670" originy="0" style="Default" rotation="0" justify="right" flipped="False" hidden="False" data="7" />
      <text name="pindes" originx="760" originy="20" style="Default" rotation="0" justify="lowerleft" flipped="False" hidden="False" data="7" />
    </sympin>
    <sympin number="8" originx="700" originy="-100" rotation="0" length="100" width="7.8740157480315" flipped="False">
      <text name="pinname" originx="670" originy="-100" style="Default" rotation="0" justify="right" flipped="False" hidden="False" data="8" />
      <text name="pindes" originx="760" originy="-80" style="Default" rotation="0" justify="lowerleft" flipped="False" hidden="False" data="8" />
    </sympin>
    <sympin number="9" originx="700" originy="-200" rotation="0" length="100" width="7.8740157480315" flipped="False">
      <text name="pinname" originx="670" originy="-200" style="Default" rotation="0" justify="right" flipped="False" hidden="False" data="MH1" />
      <text name="pindes" originx="760" originy="-180" style="Default" rotation="0" justify="lowerleft" flipped="False" hidden="False" data="MH1" />
    </sympin>
    <sympin number="10" originx="700" originy="-300" rotation="0" length="100" width="7.8740157480315" flipped="False">
      <text name="pinname" originx="670" originy="-300" style="Default" rotation="0" justify="right" flipped="False" hidden="False" data="MH2" />
      <text name="pindes" originx="760" originy="-280" style="Default" rotation="0" justify="lowerleft" flipped="False" hidden="False" data="MH2" />
    </sympin>
    <sympin number="11" originx="700" originy="-400" rotation="0" length="100" width="7.8740157480315" flipped="False">
      <text name="pinname" originx="670" originy="-400" style="Default" rotation="0" justify="right" flipped="False" hidden="False" data="MH3" />
      <text name="pindes" originx="760" originy="-380" style="Default" rotation="0" justify="lowerleft" flipped="False" hidden="False" data="MH3" />
    </sympin>
    <sympin number="12" originx="700" originy="-500" rotation="0" length="100" width="7.8740157480315" flipped="False">
      <text name="pinname" originx="670" originy="-500" style="Default" rotation="0" justify="right" flipped="False" hidden="False" data="MH4" />
      <text name="pindes" originx="760" originy="-480" style="Default" rotation="0" justify="lowerleft" flipped="False" hidden="False" data="MH4" />
    </sympin>
  </symbol>
  <component name="776276-1" designatorprefix="J" height="1358.2677165354" footprint="7762761">
    <comppin designator="1" sympin="1" pinswap="0" gateswap="0" gate="1" group="1" side="" type="Any" name="1" />
    <comppin designator="2" sympin="2" pinswap="0" gateswap="0" gate="1" group="1" side="" type="Any" name="2" />
    <comppin designator="3" sympin="3" pinswap="0" gateswap="0" gate="1" group="1" side="" type="Any" name="3" />
    <comppin designator="4" sympin="4" pinswap="0" gateswap="0" gate="1" group="1" side="" type="Any" name="4" />
    <comppin designator="5" sympin="5" pinswap="0" gateswap="0" gate="1" group="1" side="" type="Any" name="5" />
    <comppin designator="6" sympin="6" pinswap="0" gateswap="0" gate="1" group="1" side="" type="Any" name="6" />
    <comppin designator="7" sympin="7" pinswap="0" gateswap="0" gate="1" group="1" side="" type="Any" name="7" />
    <comppin designator="8" sympin="8" pinswap="0" gateswap="0" gate="1" group="1" side="" type="Any" name="8" />
    <comppin designator="MH1" sympin="9" pinswap="0" gateswap="0" gate="1" group="1" side="" type="Any" name="MH1" />
    <comppin designator="MH2" sympin="10" pinswap="0" gateswap="0" gate="1" group="1" side="" type="Any" name="MH2" />
    <comppin designator="MH3" sympin="11" pinswap="0" gateswap="0" gate="1" group="1" side="" type="Any" name="MH3" />
    <comppin designator="MH4" sympin="12" pinswap="0" gateswap="0" gate="1" group="1" side="" type="Any" name="MH4" />
    <attached_symbol gate="1" name="776276-1" />
    <pinmap designator="1" footprintpin="1" />
    <pinmap designator="2" footprintpin="2" />
    <pinmap designator="3" footprintpin="3" />
    <pinmap designator="4" footprintpin="4" />
    <pinmap designator="5" footprintpin="5" />
    <pinmap designator="6" footprintpin="6" />
    <pinmap designator="7" footprintpin="7" />
    <pinmap designator="8" footprintpin="8" />
    <pinmap designator="MH1" footprintpin="9" />
    <pinmap designator="MH2" footprintpin="10" />
    <pinmap designator="MH3" footprintpin="11" />
    <pinmap designator="MH4" footprintpin="12" />
    <text name="Datasheet" originx="0" originy="0" style="Default" rotation="0" justify="" flipped="False" hidden="True" data="https://www.te.com/commerce/DocumentDelivery/DDEController?Action=srchrtrv&amp;DocNm=1-1773979-2&amp;DocType=Data Sheet&amp;DocLang=English&amp;PartCntxt=776276-1&amp;DocFormat=pdf" />
    <text name="Description" originx="0" originy="0" style="Default" rotation="0" justify="" flipped="False" hidden="True" data="8POS,PIN DIA 1.3,HDR ASSY,180DEG,SLDR,AMPSEAL, Automotive Headers, Wire-to-Board / Wire-to-Device, 8 Position, 4mm [.157in] Centerline, Sealable, Vertical, 3 Row, Black" />
    <text name="Mouser Part Number" originx="0" originy="0" style="Default" rotation="0" justify="" flipped="False" hidden="True" data="571-776276-1" />
    <text name="Mouser Price/Stock" originx="0" originy="0" style="Default" rotation="0" justify="" flipped="False" hidden="True" data="https://www.mouser.co.uk/ProductDetail/TE-Connectivity/776276-1?qs=tLAa1RwIH6dOXUCPhsBe4Q%3D%3D" />
    <text name="Manufacturer_Name" originx="0" originy="0" style="Default" rotation="0" justify="" flipped="False" hidden="True" data="TE Connectivity" />
    <text name="Manufacturer_Part_Number" originx="750" originy="200" style="Default" rotation="0" justify="left" flipped="False" hidden="False" data="776276-1" />
  </component>
</quadcept_library>
